"shipment_id","scheduled_departure_datetime","actual_departure_datetime","scheduled_arrival_datetime","actual_arrival_datetime","origin_city","origin_state","origin_country","destination_city","destination_state","destination_country","carrier_id","carrier_name","route_distance_km","route_type","vehicle_type","weather_condition_departure","weather_condition_arrival","delay_predicted_minutes","delay_actual_minutes","carrier_on_time_rate","shipment_status","priority_level","shipment_type","notes"
"SHIP0001","2024-06-01T07:15:00Z","2024-06-01T07:21:00Z","2024-06-01T11:30:00Z","2024-06-01T11:47:00Z","Chicago","IL","USA","St. Louis","MO","USA","CR001","SwiftLine Logistics","467.4","highway","truck","clear","clear","14","17","0.92","delivered","standard","general","Minor delay due to urban congestion on approach to St. Louis."
"SHIP0002","2024-06-02T08:00:00Z","2024-06-02T08:02:00Z","2024-06-02T10:45:00Z","2024-06-02T11:09:00Z","Paris","","France","Berlin","","Germany","CR002","EuroFreight GmbH","1054.6","rail","train","rain","rain","23","24","0.84","delivered","express","general","Weather-related delay near border crossing, otherwise on schedule."
"SHIP0003","2024-06-03T13:10:00Z","","2024-06-03T19:00:00Z","","Sydney","NSW","Australia","Melbourne","VIC","Australia","CR003","Pacific Transport","878.3","highway","truck","clear","","8","","0.93","scheduled","standard","general","Shipment scheduled for early afternoon departure, all paperwork ready."
"SHIP0004","2024-06-04T02:30:00Z","2024-06-04T03:02:00Z","2024-06-04T18:00:00Z","2024-06-04T19:17:00Z","Mumbai","MH","India","Dubai","","UAE","CR004","Oceanic Global","1938.2","sea","ship","storm","storm","180","197","0.62","delayed","critical","perishable","Severe storm at departure and arrival ports caused significant delay."
"SHIP0005","2024-06-05T05:45:00Z","2024-06-05T06:00:00Z","2024-06-05T09:15:00Z","2024-06-05T09:42:00Z","Dallas","TX","USA","Houston","TX","USA","CR005","TransAmeriX","385.9","highway","truck","fog","clear","11","27","0.89","delivered","express","general","Early morning fog increased travel time between Dallas and Houston."
"SHIP0006","2024-06-06T14:20:00Z","2024-06-06T14:32:00Z","2024-06-06T17:00:00Z","2024-06-06T17:09:00Z","Tokyo","","Japan","Osaka","","Japan","CR006","Nippon Railways","515.2","rail","train","clear","rain","6","9","0.97","delivered","standard","general","Short weather delay in Osaka, otherwise smooth delivery."
"SHIP0007","2024-06-07T23:10:00Z","2024-06-07T23:36:00Z","2024-06-08T04:00:00Z","2024-06-08T05:30:00Z","New York","NY","USA","London","","UK","CR007","Atlantic Air Cargo","5567.1","air","airplane","fog","rain","29","90","0.74","delayed","express","perishable","Fog at JFK led to delayed departure; rain in London further delayed unloading."
"SHIP0008","2024-06-08T06:45:00Z","2024-06-08T06:46:00Z","2024-06-08T09:20:00Z","2024-06-08T09:20:00Z","Manchester","","UK","Edinburgh","","UK","CR008","BritTrans","357.8","highway","truck","rain","clear","4","0","0.95","delivered","standard","general","No delays, shipment arrived exactly on schedule."
"SHIP0009","2024-06-09T12:00:00Z","","2024-06-09T16:45:00Z","","Johannesburg","","South Africa","Cape Town","","South Africa","CR009","Continental Freight","1397.2","rail","train","clear","","18","","0.88","scheduled","standard","general","Scheduled rail shipment, no expected weather disruptions."
"SHIP0010","2024-06-10T09:50:00Z","2024-06-10T10:12:00Z","2024-06-10T16:30:00Z","2024-06-10T18:01:00Z","Toronto","ON","Canada","Montreal","QC","Canada","CR010","Maple Express","542.7","rail","train","snow","snow","45","91","0.81","delayed","critical","hazardous","Winter storm affected both departure and arrival cities, hazardous material protocols delayed clearance."
"SHIP0011","2024-06-11T04:00:00Z","2024-06-11T04:04:00Z","2024-06-11T09:45:00Z","2024-06-11T09:53:00Z","Mexico City","CMX","Mexico","Guadalajara","JAL","Mexico","CR011","Azteca Cargo","551.4","highway","truck","clear","clear","9","8","0.91","delivered","express","general","Slight delay due to morning traffic, shipment delivered ahead of predicted delay."
"SHIP0012","2024-06-12T20:30:00Z","2024-06-12T20:47:00Z","2024-06-13T03:00:00Z","2024-06-13T04:20:00Z","Shanghai","","China","Sydney","NSW","Australia","CR012","","7834.5","sea","ship","storm","storm","920","1060","0.59","delayed","critical","perishable","Adverse sea conditions and port strikes caused major delay for perishable shipment."
"SHIP0013","2024-06-13T17:05:00Z","2024-06-13T17:32:00Z","2024-06-14T01:00:00Z","2024-06-14T01:10:00Z","Delhi","DL","India","Mumbai","MH","India","CR013","IndiRoad","1416","highway","truck","clear","clear","12","10","0.88","delivered","standard","general","Timely delivery with minor congestion near Mumbai toll."
"SHIP0014","2024-06-14T07:30:00Z","","2024-06-14T12:45:00Z","","Rio de Janeiro","RJ","Brazil","Sao Paulo","SP","Brazil","CR014","BrasilCargo","429.7","highway","truck","rain","","7","","0.92","scheduled","standard","general","Rain forecast but all systems go for highway delivery."
"SHIP0015","2024-06-15T15:10:00Z","2024-06-15T15:45:00Z","2024-06-16T00:15:00Z","2024-06-16T02:01:00Z","Dubai","","UAE","Singapore","","Singapore","CR015","AsiaFreight","5849.3","air","airplane","clear","fog","88","106","0.71","delivered","critical","hazardous","Arrival delayed by fog at Changi Airport, hazardous goods required extra inspection."
"SHIP0016","2024-06-16T11:00:00Z","2024-06-16T11:05:00Z","2024-06-16T15:00:00Z","2024-06-16T15:07:00Z","Frankfurt","","Germany","Prague","","Czech Republic","CR016","CentralRail","507.9","rail","train","clear","clear","4","7","0.89","delivered","express","general","Border crossing checks caused minimal delay, otherwise smooth trip."
"SHIP0017","2024-06-17T06:30:00Z","2024-06-17T06:41:00Z","2024-06-17T09:45:00Z","2024-06-17T10:05:00Z","Lagos","","Nigeria","Accra","","Ghana","CR017","WestAfrica Transport","426.5","highway","truck","rain","rain","13","20","0.86","delivered","standard","other","Rain on both ends resulted in longer unloading and customs check."
"SHIP0018","2024-06-18T23:30:00Z","","2024-06-19T05:45:00Z","","Beijing","","China","Hong Kong","","China","CR006","Nippon Railways","1978","rail","train","clear","","41","","0.87","scheduled","express","general","Rail shipment scheduled for overnight, expected minor delay at customs."
"SHIP0019","2024-06-19T14:55:00Z","2024-06-19T15:10:00Z","2024-06-19T21:00:00Z","2024-06-19T22:19:00Z","Cape Town","","South Africa","Walvis Bay","","Namibia","CR018","AfricaSea Lines","1249.2","sea","ship","storm","clear","60","79","0.73","delivered","critical","hazardous","Early storm prompted route change, hazardous cargo required extra checks."
"SHIP0020","2024-06-20T13:30:00Z","2024-06-20T13:39:00Z","2024-06-20T19:45:00Z","2024-06-20T20:15:00Z","Perth","WA","Australia","Adelaide","SA","Australia","CR019","Outback Transport","2131","highway","truck","clear","clear","19","30","0.86","delivered","standard","general","Minor delays due to road construction near Adelaide."
"SHIP0021","2024-06-21T09:00:00Z","2024-06-21T09:13:00Z","2024-06-21T17:30:00Z","2024-06-21T18:09:00Z","Madrid","","Spain","Lisbon","","Portugal","CR020","Iberia Transportes","625.4","rail","train","clear","rain","18","39","0.82","delivered","express","general","Rain in Lisbon caused delays on unloading and customs."
"SHIP0022","2024-06-22T11:30:00Z","","2024-06-22T18:00:00Z","","Rome","","Italy","Milan","","Italy","CR021","Italia Freight","572.8","highway","truck","clear","","7","","0.95","scheduled","standard","general","Highway route expected to be clear, shipment scheduled."
"SHIP0023","2024-06-23T17:40:00Z","2024-06-23T17:50:00Z","2024-06-24T05:00:00Z","2024-06-24T07:30:00Z","Los Angeles","CA","USA","Shanghai","","China","CR007","Atlantic Air Cargo","10455","air","airplane","clear","storm","120","221","0.61","delayed","critical","hazardous","Severe storm on arrival in Shanghai delayed hazardous cargo clearance."
"SHIP0024","2024-06-24T03:45:00Z","2024-06-24T03:47:00Z","2024-06-24T07:30:00Z","2024-06-24T07:45:00Z","Madrid","","Spain","Valencia","","Spain","CR020","Iberia Transportes","347","highway","truck","clear","clear","5","15","0.94","delivered","express","general","Minor delay due to construction, otherwise prompt delivery."
"SHIP0025","2024-06-25T19:10:00Z","2024-06-25T19:25:00Z","2024-06-26T03:00:00Z","2024-06-26T03:59:00Z","London","","UK","New York","NY","USA","CR007","Atlantic Air Cargo","5577.5","air","airplane","rain","fog","40","59","0.73","delivered","express","perishable","Fog in New York increased unloading time, perishable goods handled with priority."
"SHIP0026","2024-06-26T09:00:00Z","2024-06-26T09:03:00Z","2024-06-26T14:00:00Z","2024-06-26T14:09:00Z","Brisbane","QLD","Australia","Sydney","NSW","Australia","CR003","Pacific Transport","921.3","highway","truck","clear","clear","8","9","0.96","delivered","standard","general","On time; negligible delay at Sydney warehouse."
"SHIP0027","2024-06-27T13:40:00Z","2024-06-27T13:52:00Z","2024-06-27T15:30:00Z","2024-06-27T15:55:00Z","Buenos Aires","BA","Argentina","Montevideo","","Uruguay","CR022","RioPlata Logistics","203.4","highway","truck","clear","rain","6","25","0.85","delivered","standard","other","Border crossing and rain caused moderate delay."
"SHIP0028","2024-06-28T07:30:00Z","2024-06-28T07:36:00Z","2024-06-28T13:00:00Z","2024-06-28T13:18:00Z","Seattle","WA","USA","Vancouver","BC","Canada","CR023","Pacific Border Freight","228.3","highway","truck","fog","clear","12","18","0.89","delivered","express","general","Fog along I-5 caused minor delay crossing into Canada."
"SHIP0029","2024-06-29T22:15:00Z","","2024-06-30T06:00:00Z","","Shanghai","","China","Tokyo","","Japan","CR024","Oriental Express","1801","sea","ship","clear","","45","","0.67","scheduled","critical","hazardous","Hazardous materials shipment set for sea transit, port authority notified."
"SHIP0030","2024-06-30T05:50:00Z","2024-06-30T06:10:00Z","2024-06-30T14:45:00Z","2024-06-30T15:41:00Z","San Francisco","CA","USA","Denver","CO","USA","CR025","Rocky Mountain Freight","1934.1","highway","truck","clear","rain","15","56","0.84","delivered","standard","general","Mountain traffic and rain slowed delivery into Denver."
"SHIP0031","2024-06-05T21:30:00Z","","2024-06-06T06:00:00Z","","Bangkok","","Thailand","Hanoi","","Vietnam","CR026","ASEAN Logistics","1362.4","rail","train","clear","","21","","0.83","scheduled","express","general","Scheduled international rail shipment, all customs cleared."
"SHIP0032","2024-06-07T13:00:00Z","2024-06-07T13:09:00Z","2024-06-07T18:00:00Z","2024-06-07T18:16:00Z","Munich","","Germany","Zurich","","Switzerland","CR016","CentralRail","311.7","rail","train","rain","rain","8","16","0.9","delivered","express","general","Rain along route caused minor delays; delivery on schedule."
"SHIP0033","2024-06-09T10:15:00Z","2024-06-09T10:22:00Z","2024-06-09T14:00:00Z","2024-06-09T14:20:00Z","Mexico City","CMX","Mexico","Monterrey","NLE","Mexico","CR011","Azteca Cargo","903.2","highway","truck","clear","clear","10","20","0.88","delivered","standard","general","Slight delay due to road construction outside Monterrey."
"SHIP0034","2024-06-12T16:30:00Z","2024-06-12T16:49:00Z","2024-06-13T06:00:00Z","2024-06-13T08:45:00Z","Mumbai","MH","India","Cape Town","","South Africa","CR004","Oceanic Global","8001","sea","ship","storm","storm","890","1050","0.63","delayed","critical","perishable","Storms at both ports caused major delay for perishable shipment."
"SHIP0035","2024-06-14T19:00:00Z","","2024-06-15T03:00:00Z","","Toronto","ON","Canada","Ottawa","ON","Canada","CR010","Maple Express","453","highway","truck","clear","","6","","0.94","scheduled","standard","general","Standard highway shipment scheduled for overnight delivery."
"SHIP0036","2024-06-16T08:15:00Z","2024-06-16T08:30:00Z","2024-06-16T16:00:00Z","2024-06-16T17:08:00Z","London","","UK","Dublin","","Ireland","CR008","BritTrans","464.2","sea","ship","rain","storm","25","68","0.76","delayed","critical","hazardous","Storm on approach to Dublin delayed hazardous cargo unloading."
"SHIP0037","2024-06-18T11:20:00Z","2024-06-18T11:30:00Z","2024-06-18T16:45:00Z","2024-06-18T16:45:00Z","Madrid","","Spain","Barcelona","","Spain","CR020","Iberia Transportes","621.5","highway","truck","clear","clear","12","0","0.95","delivered","standard","general","Shipment arrived on time, no delays reported."
"SHIP0038","2024-06-20T03:45:00Z","2024-06-20T03:50:00Z","2024-06-20T07:00:00Z","2024-06-20T07:20:00Z","Johannesburg","","South Africa","Harare","","Zimbabwe","CR009","Continental Freight","1122.7","rail","train","rain","rain","17","20","0.85","delivered","express","general","Rain along route led to minor schedule changes."
"SHIP0039","2024-06-22T16:00:00Z","2024-06-22T16:09:00Z","2024-06-22T23:30:00Z","2024-06-22T23:39:00Z","Melbourne","VIC","Australia","Adelaide","SA","Australia","CR019","Outback Transport","727.2","highway","truck","clear","clear","8","9","0.96","delivered","standard","general","Minor delay at weigh station near Adelaide."
"SHIP0040","2024-06-24T13:20:00Z","2024-06-24T13:32:00Z","2024-06-24T19:00:00Z","2024-06-24T19:40:00Z","Berlin","","Germany","Warsaw","","Poland","CR002","EuroFreight GmbH","570.9","rail","train","clear","clear","9","40","0.84","delivered","express","general","Customs delay at Polish border increased arrival time."
"SHIP0041","2024-06-01T06:00:00Z","2024-06-01T06:03:00Z","2024-06-01T11:30:00Z","2024-06-01T11:37:00Z","Houston","TX","USA","San Antonio","TX","USA","CR005","TransAmeriX","317.2","highway","truck","clear","clear","7","7","0.92","delivered","standard","general","Smooth delivery, no delays reported."
"SHIP0042","2024-06-03T18:00:00Z","","2024-06-03T20:45:00Z","","Porto","","Portugal","Lisbon","","Portugal","CR020","Iberia Transportes","313","highway","truck","clear","","5","","0.97","scheduled","standard","general","Highway shipment scheduled, no expected delays."
"SHIP0043","2024-06-05T13:45:00Z","2024-06-05T13:53:00Z","2024-06-05T18:00:00Z","2024-06-05T18:41:00Z","Chicago","IL","USA","Detroit","MI","USA","CR001","SwiftLine Logistics","452.5","highway","truck","clear","rain","11","41","0.89","delivered","standard","general","Rain in Detroit caused longer unloading times."
"SHIP0044","2024-06-07T10:30:00Z","2024-06-07T10:40:00Z","2024-06-07T13:45:00Z","2024-06-07T14:12:00Z","London","","UK","Paris","","France","CR002","EuroFreight GmbH","344.7","rail","train","clear","rain","8","27","0.86","delivered","express","general","Rain at Paris Gare du Nord slowed unloading process."
"SHIP0045","2024-06-09T22:00:00Z","2024-06-09T22:10:00Z","2024-06-10T06:45:00Z","2024-06-10T07:30:00Z","Sydney","NSW","Australia","Auckland","","New Zealand","CR003","Pacific Transport","2163.7","sea","ship","rain","storm","64","45","0.72","delivered","critical","hazardous","Storm in Auckland delayed hazardous goods delivery."
"SHIP0046","2024-06-11T08:00:00Z","","2024-06-11T12:00:00Z","","Brussels","","Belgium","Amsterdam","","Netherlands","CR027","Benelux Express","213.2","rail","train","clear","","3","","0.98","scheduled","standard","general","Scheduled to arrive before noon, clear weather forecasted."
"SHIP0047","2024-06-13T22:30:00Z","2024-06-13T22:42:00Z","2024-06-14T06:00:00Z","2024-06-14T07:12:00Z","Dubai","","UAE","Singapore","","Singapore","CR015","AsiaFreight","5849.3","air","airplane","clear","fog","82","72","0.74","delivered","critical","hazardous","Customs check for hazardous goods and fog at arrival delayed delivery."
"SHIP0048","2024-06-15T04:45:00Z","2024-06-15T05:18:00Z","2024-06-15T11:00:00Z","2024-06-15T11:38:00Z","Johannesburg","","South Africa","Gaborone","","Botswana","CR009","Continental Freight","343.6","highway","truck","clear","clear","7","38","0.87","delivered","standard","other","Border crossing and customs resulted in moderate delay."
"SHIP0049","2024-06-17T07:30:00Z","2024-06-17T07:33:00Z","2024-06-17T12:00:00Z","2024-06-17T12:04:00Z","Rome","","Italy","Florence","","Italy","CR021","Italia Freight","274.8","highway","truck","clear","clear","4","4","0.98","delivered","standard","general","On time delivery, no incidents reported."
"SHIP0050","2024-06-19T15:00:00Z","2024-06-19T15:06:00Z","2024-06-19T21:30:00Z","2024-06-19T22:21:00Z","Bangkok","","Thailand","Phnom Penh","","Cambodia","CR026","ASEAN Logistics","668.9","highway","truck","rain","rain","17","51","0.84","delivered","express","general","Heavy rain in Cambodia increased unloading time at destination."
"SHIP0051","2024-06-08T07:12:00Z","2024-06-08T07:14:00Z","2024-06-08T14:02:00Z","2024-06-08T14:35:00Z","Milan","","Italy","Berlin","","Germany","CR011","Continental Freight","842.5","rail","train","rain","clear","18","33","0.86","delivered","express","general","Slight delays due to moderate rain near Milan. Arrived within delivery window."
"SHIP0052","2024-06-14T06:55:00Z","","2024-06-14T15:10:00Z","","Brisbane","QLD","Australia","Perth","WA","Australia","CR009","Pacific Express","4300","rail","train","clear","","26","","0.92","scheduled","standard","general","Long-haul rail shipment, scheduled for early departure. No weather disruptions expected."
"SHIP0053","2024-06-11T09:30:00Z","2024-06-11T09:38:00Z","2024-06-11T18:45:00Z","2024-06-11T19:56:00Z","Mumbai","MH","India","Kolkata","WB","India","CR004","Eastern Railways","1960","rail","train","rain","rain","48","71","0.81","delivered","express","general","Rain in both cities caused minor delays, but shipment arrived in acceptable time frame."
"SHIP0054","2024-06-03T05:10:00Z","2024-06-03T05:13:00Z","2024-06-03T06:10:00Z","2024-06-03T06:34:00Z","Houston","TX","USA","Dallas","TX","USA","CR001","TransAmerica Shipping","386.4","highway","truck","clear","clear","8","24","0.94","delivered","standard","general","Minor traffic congestion on highway. Delivery completed as scheduled."
"SHIP0055","2024-06-21T11:45:00Z","2024-06-21T11:45:00Z","2024-06-21T19:00:00Z","2024-06-21T19:02:00Z","Cape Town","","South Africa","Johannesburg","","South Africa","CR012","Global Logistics Africa","1395","highway","truck","clear","clear","2","2","0.97","delivered","standard","general","Smooth transit, no delays encountered. Delivery on time as planned."
"SHIP0056","2024-06-15T10:00:00Z","","2024-06-16T01:00:00Z","","Buenos Aires","","Argentina","Rio de Janeiro","RJ","Brazil","CR013","Mercosur Transportes","1980","highway","truck","rain","","25","","0.91","scheduled","express","perishable","Perishable cargo. Weather forecast rain at departure, monitoring for delays."
"SHIP0057","2024-06-10T08:10:00Z","2024-06-10T08:15:00Z","2024-06-10T16:00:00Z","2024-06-10T17:23:00Z","Madrid","","Spain","Paris","","France","CR008","EuroConnect","1055.7","rail","train","fog","clear","30","83","0.8","delivered","express","general","Fog in Madrid caused slow departure. Delivery completed by early evening."
"SHIP0058","2024-06-12T13:30:00Z","2024-06-12T13:31:00Z","2024-06-12T19:00:00Z","2024-06-12T19:13:00Z","London","","United Kingdom","Dublin","","Ireland","CR006","Brit-Ireland Cargo","463.2","highway","truck","rain","rain","12","13","0.93","delivered","standard","general","Intermittent rain along route. Delivery arrived as scheduled."
"SHIP0059","2024-06-06T04:55:00Z","2024-06-06T05:03:00Z","2024-06-06T14:15:00Z","2024-06-06T15:56:00Z","Istanbul","","Turkey","Sofia","","Bulgaria","CR015","Balkan Freightways","545","rail","train","clear","fog","19","101","0.76","delayed","express","general","Fog in Sofia caused significant delay on final approach."
"SHIP0060","2024-06-17T16:35:00Z","","2024-06-18T03:10:00Z","","Los Angeles","CA","USA","Tokyo","","Japan","CR002","Pacific Air Cargo","8772","air","airplane","clear","","288","","0.68","scheduled","critical","perishable","Critical perishable goods. Monitoring for delays at destination airport."
"SHIP0061","2024-06-25T08:20:00Z","2024-06-25T08:23:00Z","2024-06-25T20:15:00Z","2024-06-25T22:08:00Z","Seoul","","South Korea","Singapore","","Singapore","CR007","PanAsia Logistics","4630.3","air","airplane","clear","storm","128","233","0.73","delivered","critical","perishable","Storms at Singapore airport led to ground delays and extended waiting time on arrival."
"SHIP0062","2024-06-23T10:00:00Z","2024-06-23T10:11:00Z","2024-06-23T13:45:00Z","2024-06-23T14:52:00Z","Sydney","NSW","Australia","Melbourne","VIC","Australia","CR009","Pacific Express","878","highway","truck","clear","clear","13","67","0.89","delivered","standard","general","Traffic congestion near Melbourne. Minor delay, delivery completed same day."
"SHIP0063","2024-06-28T06:00:00Z","2024-06-28T06:05:00Z","2024-06-28T14:00:00Z","2024-06-28T15:29:00Z","Moscow","","Russia","Saint Petersburg","","Russia","CR014","Russian Transport Co","715","rail","train","fog","clear","27","89","0.83","delivered","express","general","Heavy fog in Moscow delayed departure. Shipment arrived late afternoon."
"SHIP0064","2024-06-04T02:15:00Z","2024-06-04T02:17:00Z","2024-06-04T08:45:00Z","2024-06-04T09:16:00Z","Shanghai","","China","Hong Kong","","China","CR010","Dragon Logistics","1212","highway","truck","clear","clear","15","31","0.87","delivered","standard","general","Smooth highway shipment. Minor delay due to toll booth queue."
"SHIP0065","2024-06-19T23:00:00Z","","2024-06-20T09:30:00Z","","Frankfurt","","Germany","Warsaw","","Poland","CR011","Continental Freight","890","rail","train","clear","","19","","0.86","scheduled","express","general","Rail shipment scheduled overnight. Monitoring for potential delays at border."
"SHIP0066","2024-06-13T15:05:00Z","2024-06-13T15:09:00Z","2024-06-13T23:35:00Z","2024-06-14T00:45:00Z","Lisbon","","Portugal","Casablanca","","Morocco","CR015","Balkan Freightways","1095","sea","ship","storm","storm","56","70","0.67","delivered","critical","perishable","Storms at both ports caused delays. Sensitive cargo, refrigeration maintained."
"SHIP0067","2024-06-29T13:45:00Z","2024-06-29T13:47:00Z","2024-06-30T09:00:00Z","2024-06-30T09:54:00Z","Dubai","","UAE","Mumbai","MH","India","CR016","MiddleEast Shipping","1936","sea","ship","clear","clear","32","54","0.74","delivered","critical","perishable","Sea shipment of perishable goods. Delivery arrived in Mumbai within expected time."
"SHIP0068","2024-06-22T18:20:00Z","2024-06-22T18:25:00Z","2024-06-23T03:10:00Z","2024-06-23T05:34:00Z","Vancouver","BC","Canada","Shanghai","","China","CR002","Pacific Air Cargo","9035","air","airplane","fog","clear","210","264","0.65","delivered","critical","perishable","Fog at Vancouver airport caused departure delay. Shipment arrived after expected window."
"SHIP0069","2024-06-07T07:25:00Z","2024-06-07T07:28:00Z","2024-06-07T12:30:00Z","2024-06-07T12:44:00Z","San Diego","CA","USA","Phoenix","AZ","USA","CR001","TransAmerica Shipping","572","highway","truck","rain","clear","9","14","0.92","delivered","standard","general","Heavy morning rain caused minor delay. Delivery made by noon."
"SHIP0070","2024-06-18T06:00:00Z","","2024-06-18T19:55:00Z","","Sao Paulo","SP","Brazil","Buenos Aires","","Argentina","CR013","Mercosur Transportes","1685","rail","train","clear","","22","","0.84","scheduled","express","general","Express rail shipment across border. No delays anticipated for morning departure."
"SHIP0071","2024-06-26T01:40:00Z","2024-06-26T01:41:00Z","2024-06-26T09:00:00Z","2024-06-26T09:57:00Z","New York","NY","USA","Toronto","ON","Canada","CR006","Brit-Ireland Cargo","790","highway","truck","rain","rain","14","57","0.91","delivered","express","general","Rain at both departure and arrival cities. Longer than anticipated border delay."
"SHIP0072","2024-06-05T11:05:00Z","","2024-06-05T18:35:00Z","","Berlin","","Germany","Prague","","Czech Republic","CR011","Continental Freight","347","rail","train","clear","","5","","0.93","scheduled","standard","general","Short-haul rail shipment. Expected on-time arrival barring unforeseen delays."
"SHIP0073","2024-06-09T18:20:00Z","","2024-06-10T06:55:00Z","","Vienna","","Austria","Budapest","","Hungary","CR014","Russian Transport Co","245","rail","train","clear","","7","","0.97","scheduled","standard","general","Overnight rail shipment. No delays expected, clear weather throughout route."
"SHIP0074","2024-06-16T09:30:00Z","2024-06-16T09:37:00Z","2024-06-16T16:45:00Z","2024-06-16T18:01:00Z","Los Angeles","CA","USA","San Francisco","CA","USA","CR001","TransAmerica Shipping","617","highway","truck","clear","clear","9","76","0.87","delivered","standard","general","Traffic delays near San Francisco prolonged arrival. Otherwise smooth shipment."
"SHIP0075","2024-06-12T05:12:00Z","2024-06-12T05:13:00Z","2024-06-12T13:10:00Z","2024-06-12T14:29:00Z","Melbourne","VIC","Australia","Brisbane","QLD","Australia","CR009","Pacific Express","1372","highway","truck","clear","clear","15","79","0.88","delivered","standard","general","Minor delays due to road construction in Queensland. Delivery completed same day."
"SHIP0076","2024-06-24T20:25:00Z","2024-06-24T20:25:00Z","2024-06-25T10:45:00Z","2024-06-25T14:36:00Z","Tokyo","","Japan","Sydney","NSW","Australia","CR003","TransPacific Sea","7805","sea","ship","fog","storm","180","231","0.62","delayed","critical","hazardous","Storms at Sydney port caused hazardous cargo inspection and extended delay."
"SHIP0077","2024-06-19T07:00:00Z","","2024-06-19T14:30:00Z","","Chicago","IL","USA","Detroit","MI","USA","CR001","TransAmerica Shipping","450","highway","truck","clear","","9","","0.92","scheduled","standard","general","Short-haul highway shipment. No weather disruptions expected."
"SHIP0078","2024-06-11T08:50:00Z","2024-06-11T08:54:00Z","2024-06-11T16:35:00Z","2024-06-11T17:22:00Z","Johannesburg","","South Africa","Lagos","","Nigeria","CR012","Global Logistics Africa","4545","air","airplane","clear","rain","97","47","0.7","delivered","critical","hazardous","Hazardous cargo. Rain at Lagos slowed unloading, but shipment arrived safely."
"SHIP0079","2024-06-27T06:30:00Z","2024-06-27T07:03:00Z","2024-06-27T11:30:00Z","2024-06-27T12:58:00Z","Paris","","France","Barcelona","","Spain","CR008","EuroConnect","1035","rail","train","rain","rain","27","88","0.82","delivered","express","general","Rain along route delayed train, resulting in late arrival at Barcelona."
"SHIP0080","2024-06-08T19:00:00Z","2024-06-08T19:01:00Z","2024-06-09T03:00:00Z","2024-06-09T04:46:00Z","Shanghai","","China","Singapore","","Singapore","CR007","PanAsia Logistics","3780","sea","ship","storm","storm","168","106","0.6","delayed","critical","hazardous","Storms at both ports led to hazardous cargo inspection and delayed unloading."
"SHIP0081","2024-06-30T05:50:00Z","","2024-06-30T12:10:00Z","","Delhi","DL","India","Hyderabad","TS","India","CR004","Eastern Railways","1505","rail","train","rain","","29","","0.86","scheduled","express","general","Express rail shipment. Rain at departure city may cause minor delay."
"SHIP0082","2024-06-21T12:35:00Z","","2024-06-21T17:45:00Z","","Sydney","NSW","Australia","Adelaide","SA","Australia","CR009","Pacific Express","1162","highway","truck","clear","","11","","0.96","in_transit","standard","general","Shipment currently in transit. No delays reported so far."
"SHIP0083","2024-06-27T03:50:00Z","2024-06-27T03:52:00Z","2024-06-27T15:00:00Z","2024-06-27T15:44:00Z","Lima","","Peru","Bogota","","Colombia","CR013","Mercosur Transportes","1904","air","airplane","clear","rain","70","44","0.74","delivered","critical","hazardous","Hazardous cargo. Rain at Bogota caused unloading delay, but shipment arrived safely."
"SHIP0084","2024-06-17T22:10:00Z","","2024-06-18T14:10:00Z","","San Jose","","Costa Rica","Panama City","","Panama","CR008","","780","highway","truck","clear","","10","","0.93","scheduled","standard","general","Inter-country highway shipment. Carrier name undisclosed for privacy reasons."
"SHIP0085","2024-06-20T02:45:00Z","2024-06-20T02:56:00Z","2024-06-20T12:10:00Z","2024-06-20T13:41:00Z","Cairo","","Egypt","Athens","","Greece","CR015","Balkan Freightways","1128","sea","ship","storm","storm","60","91","0.63","delayed","critical","hazardous","Storms in Mediterranean delayed hazardous cargo inspection and unloading."
"SHIP0086","2024-06-23T07:00:00Z","2024-06-23T07:03:00Z","2024-06-23T14:15:00Z","2024-06-23T15:09:00Z","Brisbane","QLD","Australia","Sydney","NSW","Australia","CR009","Pacific Express","910","highway","truck","clear","rain","11","54","0.89","delivered","standard","general","Light rain on arrival in Sydney caused minor delays. Shipment completed by afternoon."
"SHIP0087","2024-06-25T17:40:00Z","2024-06-25T17:44:00Z","2024-06-26T07:15:00Z","2024-06-26T09:02:00Z","Beijing","","China","Bangkok","","Thailand","CR010","Dragon Logistics","3375","air","airplane","clear","rain","102","107","0.76","delivered","critical","hazardous","Rain delayed unloading at Bangkok airport. Hazardous cargo handled as per regulations."
"SHIP0088","2024-06-28T06:40:00Z","","2024-06-29T00:00:00Z","","Bangkok","","Thailand","Ho Chi Minh City","","Vietnam","CR010","Dragon Logistics","863","highway","truck","clear","","20","","0.92","in_transit","standard","general","Cross-border highway shipment. Currently in transit, no delays expected."
"SHIP0089","2024-06-15T15:00:00Z","2024-06-15T15:04:00Z","2024-06-16T04:00:00Z","2024-06-16T06:15:00Z","Jakarta","","Indonesia","Sydney","NSW","Australia","CR003","TransPacific Sea","5480","sea","ship","storm","storm","202","135","0.58","delayed","critical","hazardous","Storms along sea route caused delay. Hazardous cargo handled with extra precautions."
"SHIP0090","2024-06-30T15:30:00Z","","2024-07-01T08:10:00Z","","Mexico City","CDMX","Mexico","Monterrey","NL","Mexico","CR005","LatAm Express","910","highway","truck","clear","","13","","0.97","scheduled","standard","general","Overnight highway shipment. Clear weather expected throughout route."
"SHIP0101","2024-06-13T06:22:00Z","2024-06-13T06:29:00Z","2024-06-13T13:50:00Z","2024-06-13T13:59:00Z","Dallas","TX","USA","Denver","CO","USA","CR021","Blue Ridge Logistics","1270.8","highway","truck","clear","rain","8","9","0.92","delivered","standard","general","Minor traffic delays near the destination, arrived almost on schedule."
"SHIP0102","2024-06-14T13:15:00Z","2024-06-14T13:20:00Z","2024-06-14T19:30:00Z","2024-06-14T19:54:00Z","Shanghai","","China","Berlin","","Germany","CR009","TransAsia Freight","8512","air","airplane","storm","fog","120","202","0.65","delayed","critical","perishable","Severe storms at departure airport caused significant flight delay and rerouting."
"SHIP0103","2024-06-13T04:20:00Z","","2024-06-13T09:00:00Z","","Kolkata","WB","India","Mumbai","MH","India","CR024","Eastern Express","1960.5","rail","train","rain","","26","","0.85","scheduled","express","general","Monsoon season predicted delays; train not yet departed from origin."
"SHIP0104","2024-06-15T10:05:00Z","2024-06-15T10:09:00Z","2024-06-15T17:45:00Z","2024-06-15T17:48:00Z","Melbourne","VIC","Australia","Sydney","NSW","Australia","CR015","Pacific Haulage","878.2","highway","truck","clear","clear","6","3","0.94","delivered","standard","general","Smooth drive along highway, arrived slightly early at Sydney warehouse."
"SHIP0105","2024-06-13T09:45:00Z","2024-06-13T09:54:00Z","2024-06-13T13:30:00Z","2024-06-13T13:33:00Z","Paris","","France","Frankfurt","","Germany","CR012","EuroRail Logistics","570.3","rail","train","clear","rain","12","3","0.91","delivered","express","general","Early arrival due to efficient customs clearance on the rail route."
"SHIP0106","2024-06-14T14:27:00Z","2024-06-14T14:37:00Z","2024-06-15T01:15:00Z","2024-06-15T01:58:00Z","Cape Town","","South Africa","Maputo","","Mozambique","CR023","African Gateway","1608.7","highway","truck","fog","rain","21","43","0.81","delivered","express","general","Heavy fog along the route and rainy conditions slowed travel on highway."
"SHIP0107","2024-06-16T06:05:00Z","","2024-06-16T13:44:00Z","","Ottawa","ON","Canada","Vancouver","BC","Canada","CR017","Northern Star Lines","4385.9","rail","train","clear","","35","","0.87","scheduled","express","general","Rail shipment scheduled for departure with expected delays due to high volume."
"SHIP0108","2024-06-15T03:40:00Z","","2024-06-15T16:10:00Z","","Sao Paulo","SP","Brazil","Buenos Aires","","Argentina","CR008","South American Haul","2080.4","highway","truck","rain","","29","","0.83","in_transit","express","general","Truck departed late due to rainy weather; shipment currently in transit."
"SHIP0109","2024-06-14T21:50:00Z","2024-06-14T21:55:00Z","2024-06-15T05:35:00Z","2024-06-15T07:11:00Z","Los Angeles","CA","USA","Tokyo","","Japan","CR003","SkyPath Air","8840.3","air","airplane","clear","fog","98","96","0.72","delivered","critical","perishable","Air freight arrived close to schedule, minor delay due to fog at Tokyo airport."
"SHIP0110","2024-06-13T12:10:00Z","2024-06-13T12:14:00Z","2024-06-13T15:30:00Z","2024-06-13T15:41:00Z","Lagos","","Nigeria","Accra","","Ghana","CR026","West Africa Move","412.2","highway","truck","clear","clear","11","11","0.89","delivered","standard","general","Smooth customs at border crossing; shipment arrived on time."
"SHIP0111","2024-06-17T07:45:00Z","","2024-06-17T20:10:00Z","","Rome","","Italy","Vienna","","Austria","CR020","Alpine Cargo","1175.8","rail","train","clear","","13","","0.9","scheduled","standard","general","Rail shipment scheduled, expected to arrive on time barring operational delays."
"SHIP0112","2024-06-16T02:20:00Z","2024-06-16T02:28:00Z","2024-06-16T11:10:00Z","2024-06-16T11:23:00Z","London","","UK","Manchester","","UK","CR005","BritHaul","334.7","highway","truck","clear","clear","6","13","0.93","delivered","standard","general","Urban congestion delayed arrival slightly, otherwise efficient delivery."
"SHIP0113","2024-06-17T08:05:00Z","","2024-06-17T18:41:00Z","","New York","NY","USA","Toronto","ON","Canada","CR002","NorthEast Freight","807.5","rail","train","rain","","11","","0.91","in_transit","express","general","Rain along route; shipment has departed and is currently in transit."
"SHIP0114","2024-06-15T11:12:00Z","2024-06-15T11:23:00Z","2024-06-15T15:48:00Z","2024-06-15T16:23:00Z","Perth","WA","Australia","Jakarta","","Indonesia","CR010","Maritime Connect","3028.6","sea","ship","storm","storm","110","143","0.69","delayed","critical","hazardous","Severe storms impacted maritime route, hazardous cargo required extra handling."
"SHIP0115","2024-06-13T17:18:00Z","2024-06-13T17:23:00Z","2024-06-13T22:45:00Z","2024-06-13T22:46:00Z","Madrid","","Spain","Lisbon","","Portugal","CR028","Iberia Logistics","628.9","highway","truck","clear","clear","5","1","0.96","delivered","standard","general","Efficient highway transit, early delivery to Lisbon."
"SHIP0116","2024-06-16T16:30:00Z","","2024-06-17T06:20:00Z","","Dubai","","UAE","Delhi","DL","India","CR011","Desert Air","2197.6","air","airplane","clear","","52","","0.77","scheduled","critical","perishable","Perishable goods awaiting departure, forecast predicts clear skies."
"SHIP0117","2024-06-15T23:20:00Z","2024-06-15T23:31:00Z","2024-06-16T08:10:00Z","2024-06-16T08:36:00Z","Munich","","Germany","Prague","","Czech Republic","CR012","EuroRail Logistics","382.1","rail","train","fog","rain","18","26","0.88","delivered","express","general","Dense fog and intermittent rain caused moderate delays on rail service."
"SHIP0118","2024-06-14T05:45:00Z","2024-06-14T05:46:00Z","2024-06-14T12:55:00Z","2024-06-14T13:01:00Z","Johannesburg","","South Africa","Harare","","Zimbabwe","CR023","African Gateway","1123.9","highway","truck","rain","clear","14","6","0.93","delivered","standard","general","Rain at departure, but dry roads enabled an early arrival in Harare."
"SHIP0119","2024-06-17T15:10:00Z","","2024-06-18T01:40:00Z","","Singapore","","Singapore","Jakarta","","Indonesia","CR019","Pacific Express","1093.6","sea","ship","clear","","23","","0.73","in_transit","critical","perishable","Refrigerated sea shipment in transit; clear weather expected at destination."
"SHIP0120","2024-06-13T03:25:00Z","2024-06-13T03:30:00Z","2024-06-13T07:32:00Z","2024-06-13T07:42:00Z","Mexico City","CDMX","Mexico","Guadalajara","JAL","Mexico","CR018","Aztec Transport","548.9","highway","truck","fog","clear","9","10","0.89","delivered","standard","general","Morning fog caused minor delays; shipment reached Guadalajara in good condition."
"SHIP0121","2024-06-15T20:10:00Z","2024-06-15T20:20:00Z","2024-06-16T04:00:00Z","2024-06-16T04:53:00Z","Rio de Janeiro","RJ","Brazil","Cape Town","","South Africa","CR008","South American Haul","6435.2","sea","ship","storm","rain","188","318","0.6","delayed","critical","hazardous","Storms and additional inspections for hazardous materials extended shipment time."
"SHIP0122","2024-06-16T09:40:00Z","2024-06-16T09:43:00Z","2024-06-16T13:10:00Z","2024-06-16T13:28:00Z","Hanoi","","Vietnam","Bangkok","","Thailand","CR007","AsiaForward","1324.4","highway","truck","rain","rain","17","18","0.9","delivered","standard","other","Seasonal rains led to longer border crossing times and minor delays."
"SHIP0123","2024-06-17T03:00:00Z","","2024-06-17T16:45:00Z","","Houston","TX","USA","Chicago","IL","USA","CR021","Blue Ridge Logistics","1519.2","highway","truck","clear","","8","","0.91","scheduled","standard","general","Truck scheduled to depart morning hours; traffic expected to be light."
"SHIP0124","2024-06-13T22:15:00Z","2024-06-13T22:25:00Z","2024-06-14T05:30:00Z","2024-06-14T06:44:00Z","Beijing","","China","Moscow","","Russia","CR009","TransAsia Freight","5799","rail","train","snow","snow","53","74","0.81","delivered","express","hazardous","Snow along transcontinental railway led to delays and extra safety checks."
"SHIP0125","2024-06-14T09:15:00Z","2024-06-14T09:19:00Z","2024-06-14T12:50:00Z","2024-06-14T12:50:00Z","Brisbane","QLD","Australia","Auckland","","New Zealand","CR015","Pacific Haulage","2347.6","sea","ship","clear","clear","9","0","0.82","delivered","standard","general","Sea shipment arrived on time; favorable weather conditions throughout route."
"SHIP0126","2024-06-16T13:52:00Z","","2024-06-17T00:32:00Z","","Cairo","","Egypt","Athens","","Greece","CR022","Mediterranean Cargo","1120.3","sea","ship","storm","","35","","0.75","in_transit","critical","hazardous","Storm conditions reported at port; hazardous cargo in transit."
"SHIP0127","2024-06-15T13:05:00Z","2024-06-15T13:13:00Z","2024-06-15T17:45:00Z","2024-06-15T17:59:00Z","Bangkok","","Thailand","Phnom Penh","","Cambodia","CR007","AsiaForward","670.9","highway","truck","rain","rain","10","14","0.88","delivered","standard","general","Rain throughout journey; minor delay at border crossing."
"SHIP0128","2024-06-13T08:40:00Z","2024-06-13T08:44:00Z","2024-06-13T15:30:00Z","2024-06-13T15:36:00Z","Dubai","","UAE","Abu Dhabi","","UAE","CR011","Desert Air","140.2","highway","truck","clear","clear","5","6","0.97","delivered","standard","general","Short-haul route completed on time; minimal delays at destination."
"SHIP0129","2024-06-17T12:06:00Z","","2024-06-18T03:18:00Z","","Oslo","","Norway","Stockholm","","Sweden","CR025","Scandinavia Logistics","532.4","rail","train","clear","","7","","0.94","scheduled","express","general","Rail shipment awaiting departure; expected to arrive on schedule."
"SHIP0130","2024-06-13T14:15:00Z","2024-06-13T14:18:00Z","2024-06-13T18:45:00Z","2024-06-13T19:11:00Z","Nairobi","","Kenya","Mombasa","","Kenya","CR027","East Africa Freight","483.1","rail","train","storm","storm","23","26","0.8","delivered","express","other","Heavy storms along route slowed train; extra security checks for cargo."
"SHIP0131","2024-06-15T09:50:00Z","2024-06-15T09:53:00Z","2024-06-15T16:20:00Z","2024-06-15T16:35:00Z","Toronto","ON","Canada","Montreal","QC","Canada","CR017","Northern Star Lines","542","highway","truck","rain","clear","11","15","0.95","delivered","standard","general","Rain at departure caused minor delay; arrived safely in Montreal."
"SHIP0132","2024-06-14T07:35:00Z","2024-06-14T07:44:00Z","2024-06-14T11:15:00Z","2024-06-14T11:46:00Z","London","","UK","Edinburgh","","UK","CR005","BritHaul","665.2","rail","train","fog","rain","16","31","0.87","delivered","express","general","Fog and intermittent rain affected train schedule, moderate delays on arrival."
"SHIP0133","2024-06-15T05:35:00Z","2024-06-15T05:37:00Z","2024-06-15T08:30:00Z","2024-06-15T08:33:00Z","Sydney","NSW","Australia","Canberra","ACT","Australia","CR015","Pacific Haulage","286.8","highway","truck","clear","clear","2","3","0.98","delivered","standard","general","Short-haul delivery completed efficiently; no delays reported."
"SHIP0134","2024-06-16T07:30:00Z","","2024-06-16T15:55:00Z","","Delhi","DL","India","Chennai","TN","India","CR024","Eastern Express","2208.1","rail","train","clear","","37","","0.86","scheduled","express","general","Train shipment scheduled; expected delays due to high demand."
"SHIP0135","2024-06-13T11:55:00Z","2024-06-13T11:59:00Z","2024-06-13T16:45:00Z","2024-06-13T16:57:00Z","Cape Town","","South Africa","Durban","","South Africa","CR023","African Gateway","1632.3","highway","truck","rain","clear","17","12","0.89","delivered","standard","general","Rain at departure, but roads cleared for timely delivery to Durban."
"SHIP0136","2024-06-17T18:40:00Z","","2024-06-18T07:15:00Z","","Mexico City","CDMX","Mexico","Monterrey","NLE","Mexico","CR018","Aztec Transport","910.2","highway","truck","clear","","7","","0.93","scheduled","standard","general","Truck shipment scheduled for overnight transit; traffic expected to be minimal."
"SHIP0137","2024-06-14T18:20:00Z","2024-06-14T18:33:00Z","2024-06-15T01:40:00Z","2024-06-15T02:25:00Z","Sydney","NSW","Australia","Wellington","","New Zealand","CR015","Pacific Haulage","2222.1","sea","ship","storm","storm","98","145","0.62","delayed","critical","hazardous","Storms across the Tasman Sea caused hazardous delays; extra safety checks."
"SHIP0138","2024-06-17T04:25:00Z","","2024-06-17T11:48:00Z","","Bangkok","","Thailand","Kuala Lumpur","","Malaysia","CR007","AsiaForward","1211.4","highway","truck","rain","","18","","0.9","in_transit","express","general","Rainy weather along route; truck shipment currently in transit."
"SHIP0139","2024-06-13T19:50:00Z","2024-06-13T19:51:00Z","2024-06-14T04:55:00Z","2024-06-14T05:01:00Z","Berlin","","Germany","Warsaw","","Poland","CR012","EuroRail Logistics","570.8","rail","train","clear","rain","9","6","0.92","delivered","express","general","Smooth cross-border train shipment, arrived slightly ahead of schedule."
"SHIP0140","2024-06-16T23:25:00Z","","2024-06-17T06:45:00Z","","Melbourne","VIC","Australia","Brisbane","QLD","Australia","CR015","Pacific Haulage","1372.9","rail","train","clear","","10","","0.95","scheduled","express","general","Rail shipment scheduled for overnight departure; expected to arrive on time."
"SHIP0141","2024-06-14T15:50:00Z","2024-06-14T15:56:00Z","2024-06-15T01:50:00Z","2024-06-15T02:23:00Z","Los Angeles","CA","USA","San Francisco","CA","USA","CR021","Blue Ridge Logistics","616.7","highway","truck","fog","clear","9","33","0.86","delivered","standard","general","Heavy fog at departure led to urban congestion and moderate delays."
"SHIP0142","2024-06-17T10:20:00Z","","2024-06-17T18:50:00Z","","Sao Paulo","SP","Brazil","Fortaleza","CE","Brazil","CR008","South American Haul","3134.1","highway","truck","rain","","19","","0.87","in_transit","standard","general","Rain predicted along route; truck shipment currently underway."
"SHIP0143","2024-06-13T16:35:00Z","2024-06-13T16:39:00Z","2024-06-14T01:15:00Z","2024-06-14T01:21:00Z","Cairo","","Egypt","Istanbul","","Turkey","CR022","Mediterranean Cargo","1265.8","sea","ship","clear","rain","28","6","0.81","delivered","critical","other","Sea shipment arrived early despite forecasted rain at destination port."
"SHIP0144","2024-06-15T14:40:00Z","2024-06-15T14:49:00Z","2024-06-15T18:40:00Z","2024-06-15T19:22:00Z","Tokyo","","Japan","Seoul","","South Korea","CR003","SkyPath Air","1158.2","air","airplane","storm","storm","70","98","0.66","delayed","critical","hazardous","Storms at both ends of route led to hazardous delays and extra inspections."
"SHIP0145","2024-06-17T06:10:00Z","","2024-06-17T14:48:00Z","","Hanoi","","Vietnam","Ho Chi Minh City","","Vietnam","CR007","AsiaForward","1607.5","rail","train","clear","","22","","0.88","scheduled","express","general","Rail shipment scheduled for morning departure; expected to arrive on time."
"SHIP0146","2024-06-14T13:55:00Z","2024-06-14T14:07:00Z","2024-06-14T18:10:00Z","2024-06-14T18:25:00Z","Madrid","","Spain","Barcelona","","Spain","CR028","Iberia Logistics","623.7","highway","truck","rain","clear","7","15","0.93","delivered","standard","general","Rain at departure, smooth highway transit, minor delay upon arrival."
"SHIP0147","2024-06-15T08:10:00Z","2024-06-15T08:22:00Z","2024-06-15T10:53:00Z","2024-06-15T11:06:00Z","London","","UK","Dublin","","Ireland","CR005","BritHaul","463.7","highway","truck","rain","fog","9","13","0.95","delivered","standard","other","Rain and fog caused moderate delays; shipment reached destination in good condition."
"SHIP0148","2024-06-17T14:10:00Z","","2024-06-17T19:40:00Z","","Shanghai","","China","Hong Kong","","China","CR009","","1221.8","rail","train","clear","","15","","0.88","scheduled","express","general","Rail shipment scheduled; carrier details pending confirmation."
"SHIP0149","2024-06-14T20:45:00Z","2024-06-14T20:56:00Z","2024-06-15T03:10:00Z","2024-06-15T04:35:00Z","Istanbul","","Turkey","Athens","","Greece","CR022","Mediterranean Cargo","1093.7","sea","ship","storm","other","41","85","0.73","delayed","critical","hazardous","Storms and additional inspections for hazardous cargo caused extended delays."
"SHIP0150","2024-06-15T12:30:00Z","2024-06-15T12:39:00Z","2024-06-15T17:10:00Z","2024-06-15T17:17:00Z","Sydney","NSW","Australia","Melbourne","VIC","Australia","CR015","Pacific Haulage","872.1","highway","truck","clear","clear","7","7","0.96","delivered","standard","general","Highway route completed efficiently, arrived on schedule at Melbourne depot."
"SHIP0151","2024-06-22T08:18:00Z","2024-06-22T08:20:00Z","2024-06-22T17:03:00Z","2024-06-22T17:34:00Z","Los Angeles","CA","USA","San Francisco","CA","USA","CR101","Pacific Logistics","616.6","highway","truck","clear","clear","10","31","0.93","delivered","standard","general","Minor delay due to holiday traffic congestion en route."
"SHIP0152","2024-06-23T05:44:00Z","","2024-06-23T12:30:00Z","","Berlin","","Germany","Munich","","Germany","CR102","Europa Transport","583.2","rail","train","rain","","12","","0.87","scheduled","standard","general","Scheduled for early morning departure, expected light rainfall."
"SHIP0153","2024-06-23T09:12:00Z","2024-06-23T09:17:00Z","2024-06-23T17:40:00Z","2024-06-23T17:51:00Z","Paris","","France","Brussels","","Belgium","CR103","Nord Express","312.7","rail","train","fog","rain","8","11","0.88","delivered","express","general","Brief fog at departure; minor delay due to wet tracks."
"SHIP0154","2024-06-21T22:10:00Z","2024-06-21T22:12:00Z","2024-06-22T05:10:00Z","2024-06-22T06:24:00Z","Shanghai","","China","Sydney","NSW","Australia","CR104","Asia Pacific Freight","7825.4","air","airplane","storm","clear","180","194","0.67","delivered","critical","perishable","Departure delayed by severe storm; urgent goods required refrigeration."
"SHIP0155","2024-06-20T14:15:00Z","","2024-06-20T19:45:00Z","","Mexico City","","Mexico","Guadalajara","","Mexico","CR105","TransAmericas","547.1","highway","truck","clear","","9","","0.92","scheduled","standard","general","Expected clear weather and heavy outbound traffic."
"SHIP0156","2024-06-22T11:32:00Z","2024-06-22T11:38:00Z","2024-06-22T19:50:00Z","2024-06-22T20:34:00Z","London","","UK","Edinburgh","","UK","CR106","BritLogistics","650.3","rail","train","rain","rain","23","44","0.83","delivered","express","general","Ongoing rain caused minor flooding and extended transit time."
"SHIP0157","2024-06-21T19:11:00Z","2024-06-21T19:13:00Z","2024-06-22T07:35:00Z","2024-06-22T09:23:00Z","Cape Town","","South Africa","Lagos","","Nigeria","CR107","PanAfrica Cargo","4534.2","air","airplane","fog","storm","102","108","0.73","delivered","critical","perishable","Fog at departure, storm on arrival caused disruption in unloading."
"SHIP0158","2024-06-20T05:30:00Z","2024-06-20T05:30:00Z","2024-06-20T07:10:00Z","2024-06-20T07:13:00Z","Bangalore","KA","India","Chennai","TN","India","CR108","IndoFreight","346.8","highway","truck","clear","clear","2","3","0.97","delivered","express","general","On-time delivery; minimal delay due to morning congestion."
"SHIP0159","2024-06-21T06:45:00Z","2024-06-21T06:47:00Z","2024-06-21T13:00:00Z","2024-06-21T13:52:00Z","Rio de Janeiro","RJ","Brazil","Sao Paulo","SP","Brazil","CR109","SulCargo","429.1","highway","truck","rain","rain","14","52","0.89","delivered","standard","general","Heavy rainfall slowed delivery; moderate delay recorded."
"SHIP0160","2024-06-22T13:11:00Z","2024-06-22T13:14:00Z","2024-06-22T21:35:00Z","2024-06-22T22:09:00Z","Singapore","","Singapore","Jakarta","","Indonesia","CR110","SeaLink Asia","886.3","sea","ship","clear","storm","62","34","0.76","delivered","critical","hazardous","Storm at arrival port caused brief hold for hazardous cargo."
"SHIP0161","2024-06-19T07:15:00Z","","2024-06-19T15:40:00Z","","Cairo","","Egypt","Athens","","Greece","CR111","Mediterranean Shipping","1120.2","sea","ship","clear","","26","","0.83","scheduled","express","other","Scheduled for sea transit; no expected delays, regular schedule."
"SHIP0162","2024-06-19T09:42:00Z","2024-06-19T09:46:00Z","2024-06-19T17:32:00Z","2024-06-19T18:27:00Z","Toronto","ON","Canada","Montreal","QC","Canada","CR112","Maple Freight","541.3","rail","train","clear","rain","20","55","0.85","delivered","express","general","Rain at arrival caused minor track delays, otherwise efficient transit."
"SHIP0163","2024-06-20T12:13:00Z","2024-06-20T12:13:00Z","2024-06-20T13:45:00Z","2024-06-20T13:46:00Z","Madrid","","Spain","Lisbon","","Portugal","CR113","Iberia Transport","642.5","highway","truck","clear","clear","3","1","0.96","delivered","standard","general","Route clear; shipment arrived slightly ahead of schedule."
"SHIP0164","2024-06-21T06:05:00Z","2024-06-21T06:09:00Z","2024-06-21T11:35:00Z","2024-06-21T12:06:00Z","Johannesburg","","South Africa","Durban","","South Africa","CR114","SA Logistics","570.7","highway","truck","clear","rain","17","31","0.89","delivered","express","general","Rainfall on arrival caused short unloading delay."
"SHIP0165","2024-06-20T20:10:00Z","","2024-06-21T04:40:00Z","","Tokyo","","Japan","Seoul","","South Korea","CR115","East Asia Cargo","1157.6","air","airplane","clear","","34","","0.81","scheduled","critical","hazardous","Scheduled for overnight flight; hazardous chemicals required extra documentation."
"SHIP0166","2024-06-22T04:30:00Z","2024-06-22T04:34:00Z","2024-06-22T10:20:00Z","2024-06-22T11:07:00Z","Brisbane","QLD","Australia","Melbourne","VIC","Australia","CR116","Aussie Freight","1682.4","highway","truck","fog","clear","9","47","0.91","delivered","standard","general","Early morning fog delayed departure; clear skies at arrival."
"SHIP0167","2024-06-23T13:25:00Z","2024-06-23T13:25:00Z","2024-06-23T16:44:00Z","2024-06-23T16:44:00Z","New York","NY","USA","Boston","MA","USA","CR117","Atlantic Haul","346.2","highway","truck","clear","clear","3","0","0.95","delivered","standard","general","Smooth delivery, no delays; arrived exactly as scheduled."
"SHIP0168","2024-06-21T21:40:00Z","2024-06-21T21:45:00Z","2024-06-22T07:30:00Z","2024-06-22T08:42:00Z","Dubai","","UAE","Mumbai","MH","India","CR118","Gulf-India Shipping","1922.5","sea","ship","storm","rain","80","72","0.79","delivered","critical","hazardous","Storm at departure, rain at arrival; hazardous materials required extra safety checks."
"SHIP0169","2024-06-20T07:23:00Z","2024-06-20T07:25:00Z","2024-06-20T11:10:00Z","2024-06-20T11:41:00Z","Stockholm","","Sweden","Oslo","","Norway","CR119","Nordic Movers","523.9","rail","train","clear","fog","16","31","0.91","delivered","express","general","Fog at arrival caused minor unloading delays for goods."
"SHIP0170","2024-06-19T16:50:00Z","2024-06-19T16:54:00Z","2024-06-20T02:30:00Z","2024-06-20T03:22:00Z","Johor Bahru","","Malaysia","Bangkok","","Thailand","CR120","ASEAN Logistics","1842.6","rail","train","rain","rain","28","52","0.85","delivered","express","general","Heavy rain slowed border crossing and train movement."
"SHIP0171","2024-06-22T05:18:00Z","","2024-06-22T14:10:00Z","","Karachi","","Pakistan","Tehran","","Iran","CR121","Middle East Cargo","2154.2","highway","truck","clear","","21","","0.82","scheduled","express","other","Long-haul highway shipment scheduled; customs inspections planned."
"SHIP0172","2024-06-22T20:22:00Z","2024-06-22T20:26:00Z","2024-06-23T05:30:00Z","2024-06-23T07:51:00Z","Helsinki","","Finland","Tallinn","","Estonia","CR122","Baltic Sea Freight","90.4","sea","ship","fog","clear","13","141","0.76","delayed","critical","perishable","Heavy morning fog and port congestion led to significant arrival delay."
"SHIP0173","2024-06-23T10:39:00Z","2024-06-23T10:41:00Z","2024-06-23T18:55:00Z","2024-06-23T20:38:00Z","Warsaw","","Poland","Prague","","Czech Republic","CR123","Central Europe Transit","680.3","rail","train","rain","rain","29","103","0.8","delivered","express","general","Rain throughout route; railway maintenance extended total delay."
"SHIP0174","2024-06-19T12:02:00Z","2024-06-19T12:08:00Z","2024-06-19T17:45:00Z","2024-06-19T18:11:00Z","Cape Town","","South Africa","Windhoek","","Namibia","CR124","NamibExpress","1489.5","highway","truck","clear","clear","18","26","0.92","delivered","standard","general","Long-haul truck route; slight delay for refueling stop."
"SHIP0175","2024-06-20T18:10:00Z","2024-06-20T18:11:00Z","2024-06-21T01:45:00Z","2024-06-21T01:50:00Z","Rome","","Italy","Naples","","Italy","CR125","Italia Freight","226.7","highway","truck","clear","clear","4","5","0.94","delivered","standard","general","Timely delivery, minor traffic delay near destination."
"SHIP0176","2024-06-20T15:21:00Z","2024-06-20T15:28:00Z","2024-06-21T01:10:00Z","2024-06-21T03:30:00Z","Brisbane","QLD","Australia","Perth","WA","Australia","CR126","Western Express","4348.8","highway","truck","clear","fog","35","140","0.88","delayed","express","hazardous","Fog at destination slowed unloading of hazardous chemicals."
"SHIP0177","2024-06-19T07:14:00Z","","2024-06-19T12:22:00Z","","Ottawa","ON","Canada","Toronto","ON","Canada","CR127","Great North Transport","453.5","highway","truck","rain","","15","","0.94","scheduled","standard","general","Rain expected on departure, may affect traffic conditions."
"SHIP0178","2024-06-22T02:30:00Z","2024-06-22T02:32:00Z","2024-06-22T15:44:00Z","2024-06-22T16:02:00Z","Hamburg","","Germany","Frankfurt","","Germany","CR128","German Rail Cargo","393.8","rail","train","clear","clear","6","18","0.9","delivered","express","general","Timely train; minor delay due to track maintenance near arrival."
"SHIP0179","2024-06-20T10:30:00Z","2024-06-20T10:34:00Z","2024-06-20T17:00:00Z","2024-06-20T19:12:00Z","Istanbul","","Turkey","Bucharest","","Romania","CR129","Black Sea Logistics","633.3","highway","truck","rain","rain","19","132","0.83","delayed","express","hazardous","Heavy rain over route caused extended delays; hazardous goods required extra checks."
"SHIP0180","2024-06-21T05:27:00Z","2024-06-21T05:29:00Z","2024-06-21T12:30:00Z","2024-06-21T13:01:00Z","Beijing","","China","Guangzhou","","China","CR130","Dragon Freight","2282.4","rail","train","fog","clear","15","31","0.86","delivered","express","general","Fog at departure delayed train boarding; otherwise efficient."
"SHIP0181","2024-06-20T09:53:00Z","","2024-06-20T17:35:00Z","","Delhi","DL","India","Hyderabad","TG","India","CR108","IndoFreight","1501.2","highway","truck","rain","","14","","0.91","scheduled","standard","general","Rain forecasted for route; minor delay possible during delivery."
"SHIP0182","2024-06-22T14:22:00Z","2024-06-22T14:23:00Z","2024-06-22T19:11:00Z","2024-06-22T19:30:00Z","Bangkok","","Thailand","Phnom Penh","","Cambodia","CR120","ASEAN Logistics","672.9","highway","truck","clear","clear","10","19","0.89","delivered","standard","general","Border crossing quick; minimal traffic at arrival."
"SHIP0183","2024-06-19T18:10:00Z","2024-06-19T18:13:00Z","2024-06-20T03:45:00Z","2024-06-20T05:10:00Z","Sydney","NSW","Australia","Auckland","","New Zealand","CR131","TransTasman Freight","2162.7","air","airplane","clear","rain","57","85","0.71","delivered","critical","perishable","Rain at arrival airport delayed unloading of perishable goods."
"SHIP0184","2024-06-21T09:20:00Z","2024-06-21T09:25:00Z","2024-06-21T19:35:00Z","2024-06-21T21:53:00Z","Houston","TX","USA","Chicago","IL","USA","CR101","Pacific Logistics","1756.7","highway","truck","storm","storm","19","138","0.86","delayed","critical","hazardous","Major storms caused extended delays; shipment required hazardous handling."
"SHIP0185","2024-06-22T06:09:00Z","2024-06-22T06:09:00Z","2024-06-22T08:45:00Z","2024-06-22T08:45:00Z","Rio de Janeiro","RJ","Brazil","Belo Horizonte","MG","Brazil","CR109","SulCargo","441.9","highway","truck","clear","clear","4","0","0.97","delivered","standard","general","Smooth delivery, arrived on schedule, no delays noted."
"SHIP0186","2024-06-19T02:06:00Z","2024-06-19T02:12:00Z","2024-06-19T12:45:00Z","2024-06-19T13:28:00Z","Buenos Aires","","Argentina","Santiago","","Chile","CR132","Andes Freight","1135.7","highway","truck","fog","clear","22","43","0.91","delivered","standard","other","Fog at departure caused a minor schedule slip for arrival."
"SHIP0187","2024-06-21T14:44:00Z","2024-06-21T14:49:00Z","2024-06-21T18:12:00Z","2024-06-21T18:23:00Z","Vienna","","Austria","Budapest","","Hungary","CR133","Danube Logistics","243.2","rail","train","clear","clear","2","11","0.94","delivered","express","general","Efficient rail service, minor delay during station transfer."
"SHIP0188","2024-06-20T07:25:00Z","","2024-06-20T15:34:00Z","","Mexico City","","Mexico","Monterrey","","Mexico","CR105","TransAmericas","913.4","highway","truck","clear","","16","","0.89","scheduled","standard","general","No delays expected along established highway route."
"SHIP0189","2024-06-19T15:09:00Z","2024-06-19T15:13:00Z","2024-06-19T19:50:00Z","2024-06-19T20:10:00Z","San Jose","CA","USA","Denver","CO","USA","CR101","Pacific Logistics","1939.8","highway","truck","rain","clear","15","20","0.88","delivered","standard","general","Rain at departure caused minor delay; smooth transit afterwards."
"SHIP0190","2024-06-22T11:34:00Z","2024-06-22T11:41:00Z","2024-06-22T21:50:00Z","2024-06-22T23:26:00Z","Dubai","","UAE","Singapore","","Singapore","CR118","Gulf-India Shipping","5844.3","sea","ship","clear","storm","110","96","0.62","delivered","critical","perishable","Storm at arrival port slowed unloading of perishable goods."
"SHIP0191","2024-06-21T19:23:00Z","","2024-06-22T11:55:00Z","","Lima","","Peru","La Paz","","Bolivia","CR134","Andean Transport","1598.2","highway","truck","clear","","20","","0.87","in_transit","standard","general","Truck currently en route; no major delays reported as of now."
"SHIP0192","2024-06-22T12:10:00Z","","2024-06-22T19:40:00Z","","Dublin","","Ireland","Liverpool","","UK","CR106","BritLogistics","292.6","sea","ship","clear","","15","","0.81","in_transit","express","perishable","Sea freight in progress; perishable goods require timely delivery."
"SHIP0193","2024-06-21T23:15:00Z","2024-06-21T23:21:00Z","2024-06-22T08:40:00Z","2024-06-22T09:01:00Z","Copenhagen","","Denmark","Stockholm","","Sweden","CR135","Nordic Movers","659.2","rail","train","fog","clear","11","21","0.91","delivered","express","general","Train delayed briefly by fog; otherwise smooth journey."
"SHIP0194","2024-06-23T04:28:00Z","2024-06-23T04:31:00Z","2024-06-23T14:45:00Z","2024-06-23T14:55:00Z","Manila","","Philippines","Ho Chi Minh City","","Vietnam","CR136","Southeast Asia Shipping","1622.1","sea","ship","rain","rain","22","10","0.79","delivered","express","other","Rain throughout route, but ship arrived nearly on schedule."
"SHIP0195","2024-06-19T02:00:00Z","2024-06-19T02:06:00Z","2024-06-19T10:40:00Z","2024-06-19T12:02:00Z","Jakarta","","Indonesia","Surabaya","","Indonesia","CR110","SeaLink Asia","663.8","highway","truck","rain","clear","9","82","0.87","delayed","express","hazardous","Rain and construction delays led to extended delivery time."
"SHIP0196","2024-06-21T11:50:00Z","2024-06-21T11:53:00Z","2024-06-21T19:20:00Z","2024-06-21T19:24:00Z","Madrid","","Spain","Barcelona","","Spain","CR113","Iberia Transport","621.3","highway","truck","clear","clear","3","4","0.96","delivered","standard","general","Goods arrived on time, no delays reported on route."
"SHIP0197","2024-06-22T21:15:00Z","","2024-06-23T07:45:00Z","","Perth","WA","Australia","Darwin","NT","Australia","CR126","Western Express","2653.6","highway","truck","clear","","17","","0.89","in_transit","standard","general","Truck in transit; expected arrival by early morning."
"SHIP0198","2024-06-21T12:22:00Z","","2024-06-21T19:30:00Z","","Toronto","ON","Canada","Edmonton","AB","Canada","CR112","Maple Freight","3450.7","rail","train","rain","","37","","0.82","in_transit","express","general","Train departed in rain; transit to Edmonton underway."
"SHIP0199","2024-06-23T06:43:00Z","2024-06-23T06:46:00Z","2024-06-23T14:50:00Z","2024-06-23T15:26:00Z","London","","UK","Amsterdam","","Netherlands","CR106","","531.5","rail","train","clear","clear","6","36","0.9","delivered","express","general","Carrier data unavailable; train arrived with minor delay."
"SHIP0200","2024-06-19T23:08:00Z","2024-06-19T23:11:00Z","2024-06-20T06:35:00Z","2024-06-20T07:22:00Z","Sydney","NSW","Australia","Melbourne","VIC","Australia","CR116","Aussie Freight","878.9","highway","truck","rain","clear","13","47","0.87","delivered","standard","general","Rain at departure slowed truck; on-time arrival in Melbourne."
"SHIP0001","2024-06-02T08:20:00Z","2024-06-02T08:44:00Z","2024-06-02T11:35:00Z","2024-06-02T11:55:00Z","Houston","TX","USA","Dallas","TX","USA","CR101","Southwest Freight","383.6","highway","truck","clear","rain","10","20","0.91","delivered","standard","general","Minor delay due to morning road works near destination."
"SHIP0002","2024-06-04T06:05:00Z","","2024-06-04T13:05:00Z","","Osaka","","Japan","Shanghai","","China","CR112","Pacific Cargo","1327.2","sea","ship","storm","","180","","0.68","scheduled","critical","perishable","Refrigerated goods awaiting port clearance in Osaka."
"SHIP0003","2024-06-05T09:40:00Z","2024-06-05T09:55:00Z","2024-06-05T13:25:00Z","2024-06-05T13:38:00Z","Berlin","","Germany","Hamburg","","Germany","CR098","Deutsche Railways","288.4","rail","train","rain","clear","12","13","0.92","delivered","express","general","Schedule maintained despite morning showers on route."
"SHIP0004","2024-06-07T13:15:00Z","","2024-06-07T19:55:00Z","","Delhi","DL","India","Mumbai","MH","India","CR116","Blue Star Logistics","1417.3","rail","train","clear","","35","","0.89","in_transit","express","general","Express cargo; train departed on time, arrival pending."
"SHIP0005","2024-06-09T05:25:00Z","2024-06-09T05:42:00Z","2024-06-09T12:00:00Z","2024-06-09T13:22:00Z","Cape Town","","South Africa","Lagos","","Nigeria","CR123","Africa Global Lines","4715","air","airplane","fog","fog","90","82","0.74","delivered","critical","hazardous","Special handling required due to fog at origin and hazardous goods."
"SHIP0006","2024-06-10T10:10:00Z","2024-06-10T10:14:00Z","2024-06-10T16:00:00Z","2024-06-10T16:16:00Z","Melbourne","VIC","Australia","Sydney","NSW","Australia","CR104","Aussie Express","878.2","highway","truck","clear","clear","5","16","0.94","delivered","standard","general","Traffic congestion near Sydney caused a brief delay."
"SHIP0007","2024-06-11T07:15:00Z","2024-06-11T07:25:00Z","2024-06-11T10:20:00Z","2024-06-11T10:41:00Z","Toronto","ON","Canada","Montreal","QC","Canada","CR107","Eastern Transport","542.7","rail","train","rain","clear","15","21","0.85","delivered","express","general","Heavy rainfall in Toronto did not impact delivery time significantly."
"SHIP0008","2024-06-13T11:55:00Z","","2024-06-14T06:30:00Z","","Brisbane","QLD","Australia","Auckland","","New Zealand","CR104","Aussie Express","2283.5","sea","ship","clear","","60","","0.77","in_transit","critical","perishable","Fresh produce shipment; vessel en route, no arrival delay yet."
"SHIP0009","2024-06-15T05:30:00Z","2024-06-15T05:33:00Z","2024-06-15T06:50:00Z","2024-06-15T07:05:00Z","Madrid","","Spain","Barcelona","","Spain","CR099","Iberia Logistics","621.4","highway","truck","fog","clear","7","15","0.88","delivered","standard","general","Foggy conditions in Madrid, but delivery occurred within window."
"SHIP0010","2024-06-16T12:45:00Z","2024-06-16T13:02:00Z","2024-06-16T17:35:00Z","2024-06-16T18:29:00Z","Lisbon","","Portugal","London","","UK","CR098","Euro Cargo Group","1585.8","air","airplane","storm","storm","120","170","0.61","delayed","critical","hazardous","Hazardous goods delayed by storms at origin and destination."